<?xml version="1.0" encoding="UTF-8" ?>
<!DOCTYPE mapper
  PUBLIC "-//mybatis.org//DTD Mapper 3.0//EN"
  "https://mybatis.org/dtd/mybatis-3-mapper.dtd">
<mapper namespace="mybatis.mapper.member">
	<select id="getMember" parameterType="String"  resultType="memberVO">
		select * from member where id = #{email}
	</select>
	
	<insert id="register" parameterType="memberVO" >
		insert into member 
		values(#{id},#{password},#{nickname},0,#{phone},#{address},1,'auction')
	</insert>
	
	<insert id="registerByGoogle" parameterType="java.util.ArrayList">
		insert into member 
		values(#{array[0]},'0000',#{array[1]},0,'null','null',1,'google')
	</insert>
	
	<update id="registerGoogleUserInfo" parameterType="java.util.Arrays">
		update member set phone=#{array[0]}, address=#{array[1]} where id=#{array[2]}
	</update>
	
	<delete id="deleteAuth" parameterType="String">
		delete emailCertification where id=#{email}
	</delete>
	
	<select id="getUser" parameterType="memberVO" resultType="memberVO">
		select * from member where id=#{id}
	</select>
	
	<update id="authCheck" parameterType="String">
		update emailcertification set auth='1' where key=#{key}
	</update>
	
	<select id="getAuth" parameterType="String" resultType="String">
		select auth from emailcertification where id=#{email}
	</select>
	
	<insert id="insertAuth" parameterType="java.util.Arrays">
		insert into emailCertification values(#{array[0]},#{array[1]},'0')
	</insert>
	
	<delete id="deleteMember" parameterType="String">
		delete member where id=#{email}
	</delete>
	
	<update id="updateMember" parameterType="memberVO">
		update member set nickname=#{nickname},phone=#{phone},address=#{address} where id=#{id}
	</update>
	
	<update id="updatePassword" parameterType="java.util.Arrays">
		update member set password=#{array[0]} where id=#{array[1]}
	</update>
	
	<insert id="insertSearchPassAuth" parameterType="java.util.Arrays">
		insert into searchPassAuth values(#{array[0]},#{array[1]})
	</insert>
	
	<select id="searchPassGetId" parameterType="String" resultType="String">
		select id from searchPassAuth where key=#{key}
	</select>
	
	<delete id="deletesearchPassAuth" parameterType="String">
		delete searchPassAuth where key=#{key}
	</delete>
	
	<select id="getMemberIdList" parameterType="String" resultType="String">
		select id from member where phone=#{phone}
	</select>
	
	<select id="getChargeList" resultType="chargeVO">
		select * from chargeTbl order by result ASC, idx DESC
	</select>
	
	<select id="getChargeInfoByIdx" parameterType="int" resultType="chargeVO">
		select * from chargeTbl where idx=#{idx}
	</select>
	
	<update id="chargePointByUserId" parameterType="java.util.Arrays">
		update member set point=point + #{array[0]} where id=#{array[1]}
	</update>
	
	<update id="updatePointByUserId" parameterType="java.util.Arrays">
		update member set point=point - #{array[0]} where id=#{array[1]}
	</update>
	
	<update id="chargeSuccess" parameterType="int">
		update chargeTbl set result=1 where idx=#{idx}
	</update>
	
	<insert id="requestChargePoint" parameterType="chargeVO">
		insert into chargeTbl values(charge_seq.nextval,#{id},#{point},sysdate,0)
	</insert>
	
	<delete id="withdrawDeleteCharge" parameterType="String">
		delete chargeTbl where id=#{id} and result=0
	</delete>
	
	<select id="getChargeListWithPaging" parameterType="int" resultType="chargeVO">
		select * from (select rownum as paging,s.* from (select * from chargeTbl order by result ASC, idx DESC) s) 
				where paging between #{startNum} and #{startNum}+9
	</select>
	
	<select id="getTotalCount" resultType="int">
		select count(*) from chargeTbl
	</select>
	
	<insert id="insertDibsOn" parameterType="java.util.Arrays">
		insert into dibsOn values(dibsOn_seq.nextval,#{array[0]},#{array[1]},#{array[2]})
	</insert>
	
	<select id="getDibsOnById" parameterType="String" resultType="com.green.vo.DibsOnVO">
		select * from dibsOn where id=#{id}
	</select>
	
	<select id="getDibsOnByNum" parameterType="int" resultType="com.green.vo.DibsOnVO">
		select * from dibsOn where num=#{num}
	</select>
	
	<delete id="deleteDibsOn" parameterType="int">
		delete from dibsOn where idx=#{idx}		
	</delete>
	
</mapper>